{
  "homeInfo": {
    "title": "首页",
    "href": "home"
  },
  "logoInfo": {
    "title": "JavaSecLab",
    "image": "images/logo.png",
    "href": ""
  },
  "menuInfo": [
    {
      "title": "常规管理",
      "icon": "fa fa-address-book",
      "href": "",
      "target": "_self",
      "child": [
        {
          "title": "跨站脚本",
          "href": "",
          "icon": "iconfont icon-kuazhanjiaobengongji",
          "target": "_self",
          "child": [
            {
              "title": "反射型",
              "href": "xss/reflect",
              "icon": "iconfont icon-R",
              "target": "_self"
            },
            {
              "title": "存储型",
              "href": "xss/store",
              "icon": "iconfont icon-S1",
              "target": "_self"
            },
            {
              "title": "DOM型",
              "href": "xss/dom",
              "icon": "iconfont icon-dom",
              "target": "_self"
            },
            {
              "title": "其他场景",
              "href": "xss/other",
              "icon": "iconfont icon-qita1",
              "target": "_self"
            }
          ]
        },
        {
          "title": "SQL注入",
          "href": "",
          "icon": "iconfont icon-SQLzhurugongji",
          "target": "_self",
          "child": [
            {
              "title": "JDBC",
              "href": "sqli/jdbc",
              "icon": "iconfont icon-jdbc",
              "target": "_self"
            },
            {
              "title": "MyBatis",
              "href": "sqli/mybatis",
              "icon": "iconfont icon-icons8-mybatis",
              "target": "_self"
            },
            {
              "title": "JPA",
              "href": "sqli/jpa",
              "icon": "iconfont icon-spring",
              "target": "_self"
            },
            {
              "title": "Hibernate",
              "href": "sqli/hibernate",
              "icon": "iconfont icon-Hivebiao",
              "target": "_self"
            }
          ]
        },
        {
          "title": "其他注入",
          "href": "",
          "icon": "iconfont icon-SQLzhurugongji",
          "target": "_self",
          "child": [
            {
              "title": "XML注入",
              "href": "sqli/jdbc",
              "icon": "iconfont icon-jdbc",
              "target": "_self"
            },
            {
              "title": "XPATH注入",
              "href": "sqli/mybatis",
              "icon": "iconfont icon-icons8-mybatis",
              "target": "_self"
            },
            {
              "title": "LDAP注入",
              "href": "sqli/hibernate",
              "icon": "iconfont icon-Hivebiao",
              "target": "_self"
            },
            {
              "title": "SMTP注入",
              "href": "sqli/hibernate",
              "icon": "iconfont icon-Hivebiao",
              "target": "_self"
            }
          ]
        },
        {
          "title": "任意文件操作",
          "href": "",
          "icon": "iconfont icon-wenjian1",
          "target": "_self",
          "child": [
            {
              "title": "文件上传",
              "href": "file/upload",
              "icon": "iconfont icon-wenjian-shangchuan",
              "target": "_self"
            },
            {
              "title": "文件删除",
              "href": "file/delete",
              "icon": "iconfont icon-wenjian-shanchu",
              "target": "_self"
            },
            {
              "title": "文件读取",
              "href": "file/read",
              "icon": "iconfont icon-duqu",
              "target": "_self"
            },
            {
              "title": "文件下载",
              "href": "file/download",
              "icon": "iconfont icon-wenjian-xiazai",
              "target": "_self"
            },
            {
              "title": "文件包含",
              "href": "file/include",
              "icon": "iconfont icon-wenjian",
              "target": "_self"
            }
          ]
        },
        {
          "title": "SSRF",
          "href": "page/error.html",
          "icon": "fa fa-superpowers",
          "target": "_self"
        },
        {
          "title": "RCE",
          "href": "",
          "icon": "iconfont icon-wenjian1",
          "target": "_self",
          "child": [
            {
              "title": "代码执行",
              "href": "file/upload",
              "icon": "iconfont icon-wenjian-shangchuan",
              "target": "_self"
            },
            {
              "title": "命令执行",
              "href": "file/delete",
              "icon": "iconfont icon-wenjian-shanchu",
              "target": "_self"
            }
          ]
        },
        {
          "title": "逻辑漏洞",
          "href": "",
          "icon": "iconfont icon-wenjian",
          "target": "_self",
          "child": [
            {
              "title": "越权漏洞(IDOR)",
              "href": "other/URLRedirect",
              "icon": "iconfont icon-redirect",
              "target": "_self"
            },{
              "title": "支付漏洞",
              "href": "other/xff",
              "icon": "iconfont icon-redirect",
              "target": "_self"
            }
          ]
        },
        {
          "title": "其他漏洞",
          "href": "",
          "icon": "iconfont icon-wenjian",
          "target": "_self",
          "child": [
            {
              "title": "URL重定向",
              "href": "other/URLRedirect",
              "icon": "iconfont icon-redirect",
              "target": "_self"
            },{
              "title": "XFF伪造",
              "href": "other/xff",
              "icon": "iconfont icon-redirect",
              "target": "_self"
            },{
              "title": "跨站请求伪造",
              "href": "other/csrf",
              "icon": "iconfont icon-redirect",
              "target": "_self"
            },
            {
              "title": "跨源安全问题",
              "href": "other/CrossOrigin",
              "icon": "iconfont icon-cors",
              "target": "_self"
            }
          ]
        },
        {
          "title": "登录框对抗",
          "href": "",
          "icon": "fa fa-home",
          "target": "_self",
          "child": [
            {
              "title": "验证码缺陷",
              "href": "page/welcome-1.html",
              "icon": "fa fa-tachometer",
              "target": "_self"
            },
            {
              "title": "用户名枚举",
              "href": "page/welcome-2.html",
              "icon": "fa fa-tachometer",
              "target": "_self"
            },
            {
              "title": "弱口令",
              "href": "page/welcome-3.html",
              "icon": "fa fa-tachometer",
              "target": "_self"
            }
          ]
        },
        {
          "title": "敏感信息泄漏",
          "href": "",
          "icon": "fa fa-home",
          "target": "_self",
          "child": [
            {
              "title": "JS泄漏",
              "href": "infoLeak/js",
              "icon": "fa fa-tachometer",
              "target": "_self"
            },
            {
              "title": "目录遍历",
              "href": "infoLeak/dirTraversal",
              "icon": "fa fa-tachometer",
              "target": "_self"
            },
            {
              "title": "测试页面",
              "href": "infoLeak/ceShiPage",
              "icon": "fa fa-tachometer",
              "target": "_self"
            },
            {
              "title": "备份文件",
              "href": "infoLeak/backUp",
              "icon": "fa fa-tachometer",
              "target": "_self"
            }
          ]
        }
      ]
    },
    {
      "title": "Java系列",
      "icon": "fa fa-lemon-o",
      "href": "",
      "target": "_self",
      "child": [
        {
          "title": "图标列表",
          "href": "page/icon.html",
          "icon": "fa fa-dot-circle-o",
          "target": "_self"
        },
        {
          "title": "图标选择",
          "href": "page/icon-picker.html",
          "icon": "fa fa-adn",
          "target": "_self"
        },
        {
          "title": "颜色选择",
          "href": "page/color-select.html",
          "icon": "fa fa-dashboard",
          "target": "_self"
        },
        {
          "title": "下拉选择",
          "href": "page/table-select.html",
          "icon": "fa fa-angle-double-down",
          "target": "_self"
        },
        {
          "title": "文件上传",
          "href": "page/upload.html",
          "icon": "fa fa-arrow-up",
          "target": "_self"
        },
        {
          "title": "富文本编辑器",
          "href": "page/editor.html",
          "icon": "fa fa-edit",
          "target": "_self"
        },
        {
          "title": "省市县区选择器",
          "href": "page/area.html",
          "icon": "fa fa-rocket",
          "target": "_self"
        }
      ]
    },
    {
      "title": "云安全与内存马",
      "icon": "fa fa-slideshare",
      "href": "",
      "target": "_self",
      "child": [
        {
          "title": "多级菜单",
          "href": "",
          "icon": "fa fa-meetup",
          "target": "",
          "child": [
            {
              "title": "按钮1",
              "href": "page/button.html?v=1",
              "icon": "fa fa-calendar",
              "target": "_self",
              "child": [
                {
                  "title": "按钮2",
                  "href": "page/button.html?v=2",
                  "icon": "fa fa-snowflake-o",
                  "target": "_self",
                  "child": [
                    {
                      "title": "按钮3",
                      "href": "page/button.html?v=3",
                      "icon": "fa fa-snowflake-o",
                      "target": "_self"
                    },
                    {
                      "title": "表单4",
                      "href": "page/form.html?v=1",
                      "icon": "fa fa-calendar",
                      "target": "_self"
                    }
                  ]
                }
              ]
            }
          ]
        },
        {
          "title": "失效菜单",
          "href": "page/error.html",
          "icon": "fa fa-superpowers",
          "target": "_self"
        }
      ]
    }
  ]
}