<?xml version="1.0" encoding="UTF-8"?>
<!DOCTYPE mapper
        PUBLIC "-//mybatis.org//DTD Mapper 3.0//EN"
        "http://mybatis.org/dtd/mybatis-3-mapper.dtd">
<mapper namespace="top.whgojp.modules.system.mapper.UserMapper">

    <resultMap id="BaseResultMap" type="top.whgojp.modules.system.entity.User">
            <result property="username" column="username" jdbcType="VARCHAR"/>
            <result property="password" column="password" jdbcType="VARCHAR"/>
    </resultMap>

    <sql id="Base_Column_List">
        username,password
    </sql>
    <select id="selectByUsernameAndPassword" resultType="top.whgojp.modules.system.entity.User">
        select
        *
        from user
        where
        username = #{username,jdbcType=VARCHAR}
        AND password = #{password,jdbcType=VARCHAR}
    </select>
    <update id="updatePasswordByUsername">
        update user
        set password = #{password,jdbcType=VARCHAR}
        where username = #{username,jdbcType=VARCHAR}
    </update>
</mapper>
